action,variant,input,status,passed,response_action
"diagnose_fault","Y1","Diagnose Generator 2",404,true,""
"diagnose_fault","Y2","troubleshoot Generator 2",404,true,""
"diagnose_fault","Y3","investigate Generator 2",404,true,""
"diagnose_fault","Y4","check Generator 2",404,true,""
"diagnose_fault","Y5","analyze Generator 2",404,true,""
"diagnose_fault","Z1","Diagnose gen 2",404,true,""
"diagnose_fault","Z2","Diagnose e1000001-0001-4001-8001-000000000004",404,true,""
"diagnose_fault","Z3","Diagnose Generator 2",404,true,""
"diagnose_fault","W1","Diagnose Generator 2 but cancel immediately",404,true,""
"diagnose_fault","W2","Undo diagnose fault",404,true,""
"show_manual_section","Y1","Show manual for HVAC system",404,true,""
"show_manual_section","Y2","open docs for HVAC system",404,true,""
"show_manual_section","Y3","find manual HVAC system",404,true,""
"show_manual_section","Y4","lookup guide for HVAC system",404,true,""
"show_manual_section","Y5","documentation for HVAC system",404,true,""
"show_manual_section","Z1","Show manual for gen 2",404,true,""
"show_manual_section","Z2","Show manual for e1000001-0001-4001-8001-000000000004",404,true,""
"show_manual_section","Z3","Show manual for Generator 2",404,true,""
"show_manual_section","W1","Show manual for HVAC system but cancel immediately",404,true,""
"show_manual_section","W2","Undo show manual section",404,true,""
"show_related_documents","Y1","Show related documents for work order",404,true,""
"show_related_documents","Y2","find docs related to work order",404,true,""
"show_related_documents","Y3","linked documents work order",404,true,""
"show_related_documents","Y4","associated files work order",404,true,""
"show_related_documents","Y5","related PDFs work order",404,true,""
"show_related_documents","Z1","Show related documents for gen 2",404,true,""
"show_related_documents","Z2","Show related documents for e1000001-0001-4001-8001-000000000004",404,true,""
"show_related_documents","Z3","Show related documents for Generator 2",404,true,""
"show_related_documents","W1","Show related documents for work order but cancel immediately",404,true,""
"show_related_documents","W2","Undo show related documents",404,true,""
"show_equipment_overview","Y1","Show equipment overview for bow thruster",404,true,""
"show_equipment_overview","Y2","equipment details bow thruster",404,true,""
"show_equipment_overview","Y3","equipment summary bow thruster",404,true,""
"show_equipment_overview","Y4","equipment info bow thruster",404,true,""
"show_equipment_overview","Y5","view equipment bow thruster",404,true,""
"show_equipment_overview","Z1","Show equipment overview for gen 2",404,true,""
"show_equipment_overview","Z2","Show equipment overview for e1000001-0001-4001-8001-000000000004",404,true,""
"show_equipment_overview","Z3","Show equipment overview for Generator 2",404,true,""
"show_equipment_overview","W1","Show equipment overview for bow thruster but cancel immediately",404,true,""
"show_equipment_overview","W2","Undo show equipment overview",404,true,""
"show_equipment_history","Y1","Show history for radar system",404,true,""
"show_equipment_history","Y2","equipment history radar system",404,true,""
"show_equipment_history","Y3","maintenance history radar system",404,true,""
"show_equipment_history","Y4","past work on radar system",404,true,""
"show_equipment_history","Y5","historical data radar system",404,true,""
"show_equipment_history","Z1","Show history for gen 2",404,true,""
"show_equipment_history","Z2","Show history for e1000001-0001-4001-8001-000000000004",404,true,""
"show_equipment_history","Z3","Show history for Generator 2",404,true,""
"show_equipment_history","W1","Show history for radar system but cancel immediately",404,true,""
"show_equipment_history","W2","Undo show equipment history",404,true,""
"show_recent_state","Y1","Show recent state of watermaker",404,true,""
"show_recent_state","Y2","current status watermaker",404,true,""
"show_recent_state","Y3","recent status watermaker",404,true,""
"show_recent_state","Y4","latest state watermaker",404,true,""
"show_recent_state","Y5","equipment state watermaker",404,true,""
"show_recent_state","Z1","Show recent state of gen 2",404,true,""
"show_recent_state","Z2","Show recent state of e1000001-0001-4001-8001-000000000004",404,true,""
"show_recent_state","Z3","Show recent state of Generator 2",404,true,""
"show_recent_state","W1","Show recent state of watermaker but cancel immediately",404,true,""
"show_recent_state","W2","Undo show recent state",404,true,""
"show_predictive_insight","Y1","Show predictive insight for main engine",404,true,""
"show_predictive_insight","Y2","prediction for main engine",404,true,""
"show_predictive_insight","Y3","forecast for main engine",404,true,""
"show_predictive_insight","Y4","predictive analysis main engine",404,true,""
"show_predictive_insight","Y5","risk assessment main engine",404,true,""
"show_predictive_insight","Z1","Show predictive insight for gen 2",404,true,""
"show_predictive_insight","Z2","Show predictive insight for e1000001-0001-4001-8001-000000000004",404,true,""
"show_predictive_insight","Z3","Show predictive insight for Generator 2",404,true,""
"show_predictive_insight","W1","Show predictive insight for main engine but cancel immediately",404,true,""
"show_predictive_insight","W2","Undo show predictive insight",404,true,""
"suggest_likely_parts","Y1","Suggest parts for generator fault",404,true,""
"suggest_likely_parts","Y2","recommend parts generator fault",404,true,""
"suggest_likely_parts","Y3","parts needed for generator fault",404,true,""
"suggest_likely_parts","Y4","required spares generator fault",404,true,""
"suggest_likely_parts","Y5","part suggestions generator fault",404,true,""
"suggest_likely_parts","Z1","Suggest parts for gen 2",404,true,""
"suggest_likely_parts","Z2","Suggest parts for e1000001-0001-4001-8001-000000000004",404,true,""
"suggest_likely_parts","Z3","Suggest parts for Generator 2",404,true,""
"suggest_likely_parts","W1","Suggest parts for generator fault but cancel immediately",404,true,""
"suggest_likely_parts","W2","Undo suggest likely parts",404,true,""
"show_similar_past_events","Y1","Show similar past events for HVAC issue",404,true,""
"show_similar_past_events","Y2","similar faults HVAC issue",404,true,""
"show_similar_past_events","Y3","past occurrences HVAC issue",404,true,""
"show_similar_past_events","Y4","historical issues HVAC issue",404,true,""
"show_similar_past_events","Y5","related events HVAC issue",404,true,""
"show_similar_past_events","Z1","Show similar past events for gen 2",404,true,""
"show_similar_past_events","Z2","Show similar past events for e1000001-0001-4001-8001-000000000004",404,true,""
"show_similar_past_events","Z3","Show similar past events for Generator 2",404,true,""
"show_similar_past_events","W1","Show similar past events for HVAC issue but cancel immediately",404,true,""
"show_similar_past_events","W2","Undo show similar past events",404,true,""
"trace_related_faults","Y1","Trace faults related to stern thruster",404,true,""
"trace_related_faults","Y2","linked faults stern thruster",404,true,""
"trace_related_faults","Y3","connected issues stern thruster",404,true,""
"trace_related_faults","Y4","related problems stern thruster",404,true,""
"trace_related_faults","Y5","fault tree stern thruster",404,true,""
"trace_related_faults","Z1","Trace faults related to gen 2",404,true,""
"trace_related_faults","Z2","Trace faults related to e1000001-0001-4001-8001-000000000004",404,true,""
"trace_related_faults","Z3","Trace faults related to Generator 2",404,true,""
"trace_related_faults","W1","Trace faults related to stern thruster but cancel immediately",404,true,""
"trace_related_faults","W2","Undo trace related faults",404,true,""
"trace_related_equipment","Y1","Trace equipment related to bilge pump",404,true,""
"trace_related_equipment","Y2","connected equipment bilge pump",404,true,""
"trace_related_equipment","Y3","linked systems bilge pump",404,true,""
"trace_related_equipment","Y4","related machinery bilge pump",404,true,""
"trace_related_equipment","Y5","system dependencies bilge pump",404,true,""
"trace_related_equipment","Z1","Trace equipment related to gen 2",404,true,""
"trace_related_equipment","Z2","Trace equipment related to e1000001-0001-4001-8001-000000000004",404,true,""
"trace_related_equipment","Z3","Trace equipment related to Generator 2",404,true,""
"trace_related_equipment","W1","Trace equipment related to bilge pump but cancel immediately",404,true,""
"trace_related_equipment","W2","Undo trace related equipment",404,true,""
"view_linked_entities","Y1","View linked entities for work order",404,true,""
"view_linked_entities","Y2","connected items work order",404,true,""
"view_linked_entities","Y3","related entities work order",404,true,""
"view_linked_entities","Y4","linked records work order",404,true,""
"view_linked_entities","Y5","associated items work order",404,true,""
"view_linked_entities","Z1","View linked entities for gen 2",404,true,""
"view_linked_entities","Z2","View linked entities for e1000001-0001-4001-8001-000000000004",404,true,""
"view_linked_entities","Z3","View linked entities for Generator 2",404,true,""
"view_linked_entities","W1","View linked entities for work order but cancel immediately",404,true,""
"view_linked_entities","W2","Undo view linked entities",404,true,""
"show_document_graph","Y1","Show document graph for engine",404,true,""
"show_document_graph","Y2","document relationships engine",404,true,""
"show_document_graph","Y3","doc connections engine",404,true,""
"show_document_graph","Y4","linked documents engine",404,true,""
"show_document_graph","Y5","document tree engine",404,true,""
"show_document_graph","Z1","Show document graph for gen 2",404,true,""
"show_document_graph","Z2","Show document graph for e1000001-0001-4001-8001-000000000004",404,true,""
"show_document_graph","Z3","Show document graph for Generator 2",404,true,""
"show_document_graph","W1","Show document graph for engine but cancel immediately",404,true,""
"show_document_graph","W2","Undo show document graph",404,true,""
"expand_fault_tree","Y1","Expand fault tree for electrical system",404,true,""
"expand_fault_tree","Y2","fault hierarchy electrical system",404,true,""
"expand_fault_tree","Y3","fault breakdown electrical system",404,true,""
"expand_fault_tree","Y4","cascade effects electrical system",404,true,""
"expand_fault_tree","Y5","root cause tree electrical system",404,true,""
"expand_fault_tree","Z1","Expand fault tree for gen 2",404,true,""
"expand_fault_tree","Z2","Expand fault tree for e1000001-0001-4001-8001-000000000004",404,true,""
"expand_fault_tree","Z3","Expand fault tree for Generator 2",404,true,""
"expand_fault_tree","W1","Expand fault tree for electrical system but cancel immediately",404,true,""
"expand_fault_tree","W2","Undo expand fault tree",404,true,""
"show_entity_timeline","Y1","Show timeline for anchor windlass",404,true,""
"show_entity_timeline","Y2","history timeline anchor windlass",404,true,""
"show_entity_timeline","Y3","event timeline anchor windlass",404,true,""
"show_entity_timeline","Y4","activity log anchor windlass",404,true,""
"show_entity_timeline","Y5","chronological view anchor windlass",404,true,""
"show_entity_timeline","Z1","Show timeline for gen 2",404,true,""
"show_entity_timeline","Z2","Show timeline for e1000001-0001-4001-8001-000000000004",404,true,""
"show_entity_timeline","Z3","Show timeline for Generator 2",404,true,""
"show_entity_timeline","W1","Show timeline for anchor windlass but cancel immediately",404,true,""
"show_entity_timeline","W2","Undo show entity timeline",404,true,""
"create_work_order","Y1","Create work order for generator oil change",404,true,""
"create_work_order","Y2","new WO for generator oil change",404,true,""
"create_work_order","Y3","raise job for generator oil change",404,true,""
"create_work_order","Y4","open ticket for generator oil change",404,true,""
"create_work_order","Y5","make work request generator oil change",404,true,""
"create_work_order","Z1","Create work order for gen 2",404,true,""
"create_work_order","Z2","Create work order for e1000001-0001-4001-8001-000000000004",404,true,""
"create_work_order","Z3","Create work order for Generator 2",404,true,""
"create_work_order","W1","Create work order for generator oil change but cancel immediately",404,true,""
"create_work_order","W2","Undo create work order",404,true,""
"list_work_orders","Y1","List work orders",404,true,""
"list_work_orders","Y2","show all WOs",404,true,""
"list_work_orders","Y3","view work orders",404,true,""
"list_work_orders","Y4","display jobs",404,true,""
"list_work_orders","Y5","pending work orders",404,true,""
"list_work_orders","Z1","List work orders gen 2",404,true,""
"list_work_orders","Z2","List work orders e1000001-0001-4001-8001-000000000004",404,true,""
"list_work_orders","Z3","List work orders Generator 2",404,true,""
"list_work_orders","W1","List work orders  but cancel immediately",404,true,""
"list_work_orders","W2","Undo list work orders",404,true,""
"update_work_order","Y1","Update work order WO-2024-001",404,true,""
"update_work_order","Y2","modify WO WO-2024-001",404,true,""
"update_work_order","Y3","edit work order WO-2024-001",404,true,""
"update_work_order","Y4","change job details WO-2024-001",404,true,""
"update_work_order","Y5","amend ticket WO-2024-001",404,true,""
"update_work_order","Z1","Update work order gen 2",404,true,""
"update_work_order","Z2","Update work order e1000001-0001-4001-8001-000000000004",404,true,""
"update_work_order","Z3","Update work order Generator 2",404,true,""
"update_work_order","W1","Update work order WO-2024-001 but cancel immediately",404,true,""
"update_work_order","W2","Undo update work order",404,true,""
"close_work_order","Y1","Close work order WO-2024-001",404,true,""
"close_work_order","Y2","complete WO WO-2024-001",404,true,""
"close_work_order","Y3","finish job WO-2024-001",404,true,""
"close_work_order","Y4","mark done WO-2024-001",404,true,""
"close_work_order","Y5","sign off WO WO-2024-001",404,true,""
"close_work_order","Z1","Close work order gen 2",404,true,""
"close_work_order","Z2","Close work order e1000001-0001-4001-8001-000000000004",404,true,""
"close_work_order","Z3","Close work order Generator 2",404,true,""
"close_work_order","W1","Close work order WO-2024-001 but cancel immediately",404,true,""
"close_work_order","W2","Undo close work order",404,true,""
"add_note_to_work_order","Y1","Add note to work order WO-2024-001",404,true,""
"add_note_to_work_order","Y2","comment on WO WO-2024-001",404,true,""
"add_note_to_work_order","Y3","note for job WO-2024-001",404,true,""
"add_note_to_work_order","Y4","update WO notes WO-2024-001",404,true,""
"add_note_to_work_order","Y5","add remark WO-2024-001",404,true,""
"add_note_to_work_order","Z1","Add note to work order gen 2",404,true,""
"add_note_to_work_order","Z2","Add note to work order e1000001-0001-4001-8001-000000000004",404,true,""
"add_note_to_work_order","Z3","Add note to work order Generator 2",404,true,""
"add_note_to_work_order","W1","Add note to work order WO-2024-001 but cancel immediately",404,true,""
"add_note_to_work_order","W2","Undo add note to work order",404,true,""
"attach_photo_to_work_order","Y1","Attach photo to work order WO-2024-001",404,true,""
"attach_photo_to_work_order","Y2","add image to WO WO-2024-001",404,true,""
"attach_photo_to_work_order","Y3","upload picture WO-2024-001",404,true,""
"attach_photo_to_work_order","Y4","photo evidence WO-2024-001",404,true,""
"attach_photo_to_work_order","Y5","attach image WO-2024-001",404,true,""
"attach_photo_to_work_order","Z1","Attach photo to work order gen 2",404,true,""
"attach_photo_to_work_order","Z2","Attach photo to work order e1000001-0001-4001-8001-000000000004",404,true,""
"attach_photo_to_work_order","Z3","Attach photo to work order Generator 2",404,true,""
"attach_photo_to_work_order","W1","Attach photo to work order WO-2024-001 but cancel immediately",404,true,""
"attach_photo_to_work_order","W2","Undo attach photo to work order",404,true,""
"assign_work_order","Y1","Assign work order to John",404,true,""
"assign_work_order","Y2","delegate WO to John",404,true,""
"assign_work_order","Y3","assign job to John",404,true,""
"assign_work_order","Y4","give to technician to John",404,true,""
"assign_work_order","Y5","allocate task to John",404,true,""
"assign_work_order","Z1","Assign work order gen 2",404,true,""
"assign_work_order","Z2","Assign work order e1000001-0001-4001-8001-000000000004",404,true,""
"assign_work_order","Z3","Assign work order Generator 2",404,true,""
"assign_work_order","W1","Assign work order to John but cancel immediately",404,true,""
"assign_work_order","W2","Undo assign work order",404,true,""
"set_priority_on_work_order","Y1","Set priority on work order high",404,true,""
"set_priority_on_work_order","Y2","prioritize WO high",404,true,""
"set_priority_on_work_order","Y3","mark urgent high",404,true,""
"set_priority_on_work_order","Y4","change priority high",404,true,""
"set_priority_on_work_order","Y5","escalate job high",404,true,""
"set_priority_on_work_order","Z1","Set priority on work order gen 2",404,true,""
"set_priority_on_work_order","Z2","Set priority on work order e1000001-0001-4001-8001-000000000004",404,true,""
"set_priority_on_work_order","Z3","Set priority on work order Generator 2",404,true,""
"set_priority_on_work_order","W1","Set priority on work order high but cancel immediately",404,true,""
"set_priority_on_work_order","W2","Undo set priority on work order",404,true,""
"schedule_work_order","Y1","Schedule work order for tomorrow",404,true,""
"schedule_work_order","Y2","plan WO for tomorrow",404,true,""
"schedule_work_order","Y3","book job for tomorrow",404,true,""
"schedule_work_order","Y4","set date for tomorrow",404,true,""
"schedule_work_order","Y5","schedule maintenance for tomorrow",404,true,""
"schedule_work_order","Z1","Schedule work order gen 2",404,true,""
"schedule_work_order","Z2","Schedule work order e1000001-0001-4001-8001-000000000004",404,true,""
"schedule_work_order","Z3","Schedule work order Generator 2",404,true,""
"schedule_work_order","W1","Schedule work order for tomorrow but cancel immediately",404,true,""
"schedule_work_order","W2","Undo schedule work order",404,true,""
"show_work_order_history","Y1","Show work order history",404,true,""
"show_work_order_history","Y2","WO history",404,true,""
"show_work_order_history","Y3","past work orders",404,true,""
"show_work_order_history","Y4","completed jobs",404,true,""
"show_work_order_history","Y5","job log",404,true,""
"show_work_order_history","Z1","Show work order history gen 2",404,true,""
"show_work_order_history","Z2","Show work order history e1000001-0001-4001-8001-000000000004",404,true,""
"show_work_order_history","Z3","Show work order history Generator 2",404,true,""
"show_work_order_history","W1","Show work order history  but cancel immediately",404,true,""
"show_work_order_history","W2","Undo show work order history",404,true,""
"add_to_handover","Y1","Add to handover generator check complete",404,true,""
"add_to_handover","Y2","handover note generator check complete",404,true,""
"add_to_handover","Y3","log for handover generator check complete",404,true,""
"add_to_handover","Y4","record handover generator check complete",404,true,""
"add_to_handover","Y5","handover entry generator check complete",404,true,""
"add_to_handover","Z1","Add to handover gen 2",404,true,""
"add_to_handover","Z2","Add to handover e1000001-0001-4001-8001-000000000004",404,true,""
"add_to_handover","Z3","Add to handover Generator 2",404,true,""
"add_to_handover","W1","Add to handover generator check complete but cancel immediately",404,true,""
"add_to_handover","W2","Undo add to handover",404,true,""
"view_handover","Y1","View handover",404,true,""
"view_handover","Y2","show handover",404,true,""
"view_handover","Y3","handover report",404,true,""
"view_handover","Y4","handover notes",404,true,""
"view_handover","Y5","watch handover",404,true,""
"view_handover","Z1","View handover gen 2",404,true,""
"view_handover","Z2","View handover e1000001-0001-4001-8001-000000000004",404,true,""
"view_handover","Z3","View handover Generator 2",404,true,""
"view_handover","W1","View handover  but cancel immediately",404,true,""
"view_handover","W2","Undo view handover",404,true,""
"export_handover","Y1","Export handover",404,true,""
"export_handover","Y2","download handover",404,true,""
"export_handover","Y3","print handover",404,true,""
"export_handover","Y4","save handover",404,true,""
"export_handover","Y5","handover PDF",404,true,""
"export_handover","Z1","Export handover gen 2",404,true,""
"export_handover","Z2","Export handover e1000001-0001-4001-8001-000000000004",404,true,""
"export_handover","Z3","Export handover Generator 2",404,true,""
"export_handover","W1","Export handover  but cancel immediately",404,true,""
"export_handover","W2","Undo export handover",404,true,""
"edit_handover_section","Y1","Edit handover section engineering",404,true,""
"edit_handover_section","Y2","modify handover engineering",404,true,""
"edit_handover_section","Y3","update handover engineering",404,true,""
"edit_handover_section","Y4","change handover notes engineering",404,true,""
"edit_handover_section","Y5","amend handover engineering",404,true,""
"edit_handover_section","Z1","Edit handover section gen 2",404,true,""
"edit_handover_section","Z2","Edit handover section e1000001-0001-4001-8001-000000000004",404,true,""
"edit_handover_section","Z3","Edit handover section Generator 2",404,true,""
"edit_handover_section","W1","Edit handover section engineering but cancel immediately",404,true,""
"edit_handover_section","W2","Undo edit handover section",404,true,""
"attach_document_to_handover","Y1","Attach document to handover",404,true,""
"attach_document_to_handover","Y2","add doc to handover",404,true,""
"attach_document_to_handover","Y3","include file",404,true,""
"attach_document_to_handover","Y4","attach PDF",404,true,""
"attach_document_to_handover","Y5","link document",404,true,""
"attach_document_to_handover","Z1","Attach document to handover gen 2",404,true,""
"attach_document_to_handover","Z2","Attach document to handover e1000001-0001-4001-8001-000000000004",404,true,""
"attach_document_to_handover","Z3","Attach document to handover Generator 2",404,true,""
"attach_document_to_handover","W1","Attach document to handover  but cancel immediately",404,true,""
"attach_document_to_handover","W2","Undo attach document to handover",404,true,""
"check_stock_level","Y1","Check stock level for oil filters",404,true,""
"check_stock_level","Y2","inventory check oil filters",404,true,""
"check_stock_level","Y3","stock count oil filters",404,true,""
"check_stock_level","Y4","parts level oil filters",404,true,""
"check_stock_level","Y5","spares quantity oil filters",404,true,""
"check_stock_level","Z1","Check stock level for gen 2",404,true,""
"check_stock_level","Z2","Check stock level for e1000001-0001-4001-8001-000000000004",404,true,""
"check_stock_level","Z3","Check stock level for Generator 2",404,true,""
"check_stock_level","W1","Check stock level for oil filters but cancel immediately",404,true,""
"check_stock_level","W2","Undo check stock level",404,true,""
"order_part","Y1","Order 5 oil filters",404,true,""
"order_part","Y2","purchase parts 5 oil filters",404,true,""
"order_part","Y3","requisition 5 oil filters",404,true,""
"order_part","Y4","add to shopping list 5 oil filters",404,true,""
"order_part","Y5","request spares 5 oil filters",404,true,""
"order_part","Z1","Order gen 2",404,true,""
"order_part","Z2","Order e1000001-0001-4001-8001-000000000004",404,true,""
"order_part","Z3","Order Generator 2",404,true,""
"order_part","W1","Order 5 oil filters but cancel immediately",404,true,""
"order_part","W2","Undo order part",404,true,""
"add_part_to_work_order","Y1","Add part to work order oil filter",404,true,""
"add_part_to_work_order","Y2","include part oil filter",404,true,""
"add_part_to_work_order","Y3","parts for WO oil filter",404,true,""
"add_part_to_work_order","Y4","attach spare oil filter",404,true,""
"add_part_to_work_order","Y5","link part oil filter",404,true,""
"add_part_to_work_order","Z1","Add part to work order gen 2",404,true,""
"add_part_to_work_order","Z2","Add part to work order e1000001-0001-4001-8001-000000000004",404,true,""
"add_part_to_work_order","Z3","Add part to work order Generator 2",404,true,""
"add_part_to_work_order","W1","Add part to work order oil filter but cancel immediately",404,true,""
"add_part_to_work_order","W2","Undo add part to work order",404,true,""
"show_storage_location","Y1","Show storage location for hydraulic seals",404,true,""
"show_storage_location","Y2","where is hydraulic seals",404,true,""
"show_storage_location","Y3","location of hydraulic seals",404,true,""
"show_storage_location","Y4","find part hydraulic seals",404,true,""
"show_storage_location","Y5","storage bin hydraulic seals",404,true,""
"show_storage_location","Z1","Show storage location for gen 2",404,true,""
"show_storage_location","Z2","Show storage location for e1000001-0001-4001-8001-000000000004",404,true,""
"show_storage_location","Z3","Show storage location for Generator 2",404,true,""
"show_storage_location","W1","Show storage location for hydraulic seals but cancel immediately",404,true,""
"show_storage_location","W2","Undo show storage location",404,true,""
"scan_barcode","Y1","Scan barcode",404,true,""
"scan_barcode","Y2","barcode lookup",404,true,""
"scan_barcode","Y3","scan part",404,true,""
"scan_barcode","Y4","read barcode",404,true,""
"scan_barcode","Y5","QR scan",404,true,""
"scan_barcode","Z1","Scan barcode gen 2",404,true,""
"scan_barcode","Z2","Scan barcode e1000001-0001-4001-8001-000000000004",404,true,""
"scan_barcode","Z3","Scan barcode Generator 2",404,true,""
"scan_barcode","W1","Scan barcode  but cancel immediately",404,true,""
"scan_barcode","W2","Undo scan barcode",404,true,""
"update_stock_level","Y1","Update stock level for fuel filters",404,true,""
"update_stock_level","Y2","adjust inventory fuel filters",404,true,""
"update_stock_level","Y3","modify count fuel filters",404,true,""
"update_stock_level","Y4","stock correction fuel filters",404,true,""
"update_stock_level","Y5","inventory update fuel filters",404,true,""
"update_stock_level","Z1","Update stock level for gen 2",404,true,""
"update_stock_level","Z2","Update stock level for e1000001-0001-4001-8001-000000000004",404,true,""
"update_stock_level","Z3","Update stock level for Generator 2",404,true,""
"update_stock_level","W1","Update stock level for fuel filters but cancel immediately",404,true,""
"update_stock_level","W2","Undo update stock level",404,true,""
"show_part_compatibility","Y1","Show compatibility for alternator belt",404,true,""
"show_part_compatibility","Y2","compatible parts alternator belt",404,true,""
"show_part_compatibility","Y3","interchangeable parts alternator belt",404,true,""
"show_part_compatibility","Y4","fits what alternator belt",404,true,""
"show_part_compatibility","Y5","part cross-reference alternator belt",404,true,""
"show_part_compatibility","Z1","Show compatibility for gen 2",404,true,""
"show_part_compatibility","Z2","Show compatibility for e1000001-0001-4001-8001-000000000004",404,true,""
"show_part_compatibility","Z3","Show compatibility for Generator 2",404,true,""
"show_part_compatibility","W1","Show compatibility for alternator belt but cancel immediately",404,true,""
"show_part_compatibility","W2","Undo show part compatibility",404,true,""
"create_purchase_request","Y1","Create purchase request for HVAC filters",404,true,""
"create_purchase_request","Y2","new PR HVAC filters",404,true,""
"create_purchase_request","Y3","requisition HVAC filters",404,true,""
"create_purchase_request","Y4","purchase order HVAC filters",404,true,""
"create_purchase_request","Y5","procurement request HVAC filters",404,true,""
"create_purchase_request","Z1","Create purchase request for gen 2",404,true,""
"create_purchase_request","Z2","Create purchase request for e1000001-0001-4001-8001-000000000004",404,true,""
"create_purchase_request","Z3","Create purchase request for Generator 2",404,true,""
"create_purchase_request","W1","Create purchase request for HVAC filters but cancel immediately",404,true,""
"create_purchase_request","W2","Undo create purchase request",404,true,""
"show_low_stock_alerts","Y1","Show low stock alerts",404,true,""
"show_low_stock_alerts","Y2","stock warnings",404,true,""
"show_low_stock_alerts","Y3","low inventory",404,true,""
"show_low_stock_alerts","Y4","reorder alerts",404,true,""
"show_low_stock_alerts","Y5","shortage alerts",404,true,""
"show_low_stock_alerts","Z1","Show low stock alerts gen 2",404,true,""
"show_low_stock_alerts","Z2","Show low stock alerts e1000001-0001-4001-8001-000000000004",404,true,""
"show_low_stock_alerts","Z3","Show low stock alerts Generator 2",404,true,""
"show_low_stock_alerts","W1","Show low stock alerts  but cancel immediately",404,true,""
"show_low_stock_alerts","W2","Undo show low stock alerts",404,true,""
"reserve_part","Y1","Reserve part for WO-2024-001",404,true,""
"reserve_part","Y2","allocate part for WO-2024-001",404,true,""
"reserve_part","Y3","hold spare for WO-2024-001",404,true,""
"reserve_part","Y4","reserve stock for WO-2024-001",404,true,""
"reserve_part","Y5","earmark part for WO-2024-001",404,true,""
"reserve_part","Z1","Reserve part gen 2",404,true,""
"reserve_part","Z2","Reserve part e1000001-0001-4001-8001-000000000004",404,true,""
"reserve_part","Z3","Reserve part Generator 2",404,true,""
"reserve_part","W1","Reserve part for WO-2024-001 but cancel immediately",404,true,""
"reserve_part","W2","Undo reserve part",404,true,""
"log_hours_of_rest","Y1","Log hours of rest 8 hours",404,true,""
"log_hours_of_rest","Y2","record HOR 8 hours",404,true,""
"log_hours_of_rest","Y3","enter rest 8 hours",404,true,""
"log_hours_of_rest","Y4","submit rest hours 8 hours",404,true,""
"log_hours_of_rest","Y5","HOR entry 8 hours",404,true,""
"log_hours_of_rest","Z1","Log hours of rest gen 2",404,true,""
"log_hours_of_rest","Z2","Log hours of rest e1000001-0001-4001-8001-000000000004",404,true,""
"log_hours_of_rest","Z3","Log hours of rest Generator 2",404,true,""
"log_hours_of_rest","W1","Log hours of rest 8 hours but cancel immediately",404,true,""
"log_hours_of_rest","W2","Undo log hours of rest",404,true,""
"show_hours_of_rest","Y1","Show hours of rest",404,true,""
"show_hours_of_rest","Y2","view HOR",404,true,""
"show_hours_of_rest","Y3","rest log",404,true,""
"show_hours_of_rest","Y4","HOR report",404,true,""
"show_hours_of_rest","Y5","rest record",404,true,""
"show_hours_of_rest","Z1","Show hours of rest gen 2",404,true,""
"show_hours_of_rest","Z2","Show hours of rest e1000001-0001-4001-8001-000000000004",404,true,""
"show_hours_of_rest","Z3","Show hours of rest Generator 2",404,true,""
"show_hours_of_rest","W1","Show hours of rest  but cancel immediately",404,true,""
"show_hours_of_rest","W2","Undo show hours of rest",404,true,""
"show_certificates","Y1","Show certificates",404,true,""
"show_certificates","Y2","view certs",404,true,""
"show_certificates","Y3","certificate list",404,true,""
"show_certificates","Y4","crew certificates",404,true,""
"show_certificates","Y5","qualifications",404,true,""
"show_certificates","Z1","Show certificates gen 2",404,true,""
"show_certificates","Z2","Show certificates e1000001-0001-4001-8001-000000000004",404,true,""
"show_certificates","Z3","Show certificates Generator 2",404,true,""
"show_certificates","W1","Show certificates  but cancel immediately",404,true,""
"show_certificates","W2","Undo show certificates",404,true,""
"show_certificate_expiry","Y1","Show certificate expiry",404,true,""
"show_certificate_expiry","Y2","expiring certs",404,true,""
"show_certificate_expiry","Y3","cert dates",404,true,""
"show_certificate_expiry","Y4","renewal due",404,true,""
"show_certificate_expiry","Y5","expiry alerts",404,true,""
"show_certificate_expiry","Z1","Show certificate expiry gen 2",404,true,""
"show_certificate_expiry","Z2","Show certificate expiry e1000001-0001-4001-8001-000000000004",404,true,""
"show_certificate_expiry","Z3","Show certificate expiry Generator 2",404,true,""
"show_certificate_expiry","W1","Show certificate expiry  but cancel immediately",404,true,""
"show_certificate_expiry","W2","Undo show certificate expiry",404,true,""
"export_compliance_logs","Y1","Export compliance logs",404,true,""
"export_compliance_logs","Y2","compliance report",404,true,""
"export_compliance_logs","Y3","audit export",404,true,""
"export_compliance_logs","Y4","download logs",404,true,""
"export_compliance_logs","Y5","compliance PDF",404,true,""
"export_compliance_logs","Z1","Export compliance logs gen 2",404,true,""
"export_compliance_logs","Z2","Export compliance logs e1000001-0001-4001-8001-000000000004",404,true,""
"export_compliance_logs","Z3","Export compliance logs Generator 2",404,true,""
"export_compliance_logs","W1","Export compliance logs  but cancel immediately",404,true,""
"export_compliance_logs","W2","Undo export compliance logs",404,true,""
"generate_audit_pack","Y1","Generate audit pack",404,true,""
"generate_audit_pack","Y2","audit report",404,true,""
"generate_audit_pack","Y3","compliance pack",404,true,""
"generate_audit_pack","Y4","inspection docs",404,true,""
"generate_audit_pack","Y5","audit bundle",404,true,""
"generate_audit_pack","Z1","Generate audit pack gen 2",404,true,""
"generate_audit_pack","Z2","Generate audit pack e1000001-0001-4001-8001-000000000004",404,true,""
"generate_audit_pack","Z3","Generate audit pack Generator 2",404,true,""
"generate_audit_pack","W1","Generate audit pack  but cancel immediately",404,true,""
"generate_audit_pack","W2","Undo generate audit pack",404,true,""
"submit_compliance_report","Y1","Submit compliance report",404,true,""
"submit_compliance_report","Y2","file report",404,true,""
"submit_compliance_report","Y3","send compliance",404,true,""
"submit_compliance_report","Y4","submit audit",404,true,""
"submit_compliance_report","Y5","report compliance",404,true,""
"submit_compliance_report","Z1","Submit compliance report gen 2",404,true,""
"submit_compliance_report","Z2","Submit compliance report e1000001-0001-4001-8001-000000000004",404,true,""
"submit_compliance_report","Z3","Submit compliance report Generator 2",404,true,""
"submit_compliance_report","W1","Submit compliance report  but cancel immediately",404,true,""
"submit_compliance_report","W2","Undo submit compliance report",404,true,""
"upload_certificate_document","Y1","Upload certificate",404,true,""
"upload_certificate_document","Y2","add cert",404,true,""
"upload_certificate_document","Y3","upload qualification",404,true,""
"upload_certificate_document","Y4","attach certificate",404,true,""
"upload_certificate_document","Y5","cert document",404,true,""
"upload_certificate_document","Z1","Upload certificate gen 2",404,true,""
"upload_certificate_document","Z2","Upload certificate e1000001-0001-4001-8001-000000000004",404,true,""
"upload_certificate_document","Z3","Upload certificate Generator 2",404,true,""
"upload_certificate_document","W1","Upload certificate  but cancel immediately",404,true,""
"upload_certificate_document","W2","Undo upload certificate document",404,true,""
"upload_document","Y1","Upload document",404,true,""
"upload_document","Y2","add file",404,true,""
"upload_document","Y3","upload PDF",404,true,""
"upload_document","Y4","attach doc",404,true,""
"upload_document","Y5","add document",404,true,""
"upload_document","Z1","Upload document gen 2",404,true,""
"upload_document","Z2","Upload document e1000001-0001-4001-8001-000000000004",404,true,""
"upload_document","Z3","Upload document Generator 2",404,true,""
"upload_document","W1","Upload document  but cancel immediately",404,true,""
"upload_document","W2","Undo upload document",404,true,""
"search_documents","Y1","Search documents for generator manual",404,true,""
"search_documents","Y2","find docs generator manual",404,true,""
"search_documents","Y3","lookup document generator manual",404,true,""
"search_documents","Y4","document search generator manual",404,true,""
"search_documents","Y5","search files generator manual",404,true,""
"search_documents","Z1","Search documents for gen 2",404,true,""
"search_documents","Z2","Search documents for e1000001-0001-4001-8001-000000000004",404,true,""
"search_documents","Z3","Search documents for Generator 2",404,true,""
"search_documents","W1","Search documents for generator manual but cancel immediately",404,true,""
"search_documents","W2","Undo search documents",404,true,""
"open_document","Y1","Open document service manual",404,true,""
"open_document","Y2","view doc service manual",404,true,""
"open_document","Y3","display document service manual",404,true,""
"open_document","Y4","show file service manual",404,true,""
"open_document","Y5","open PDF service manual",404,true,""
"open_document","Z1","Open document gen 2",404,true,""
"open_document","Z2","Open document e1000001-0001-4001-8001-000000000004",404,true,""
"open_document","Z3","Open document Generator 2",404,true,""
"open_document","W1","Open document service manual but cancel immediately",404,true,""
"open_document","W2","Undo open document",404,true,""
"attach_document_to_work_order","Y1","Attach document to WO",404,true,""
"attach_document_to_work_order","Y2","add doc to job",404,true,""
"attach_document_to_work_order","Y3","link file to WO",404,true,""
"attach_document_to_work_order","Y4","include document",404,true,""
"attach_document_to_work_order","Y5","attach to ticket",404,true,""
"attach_document_to_work_order","Z1","Attach document to WO gen 2",404,true,""
"attach_document_to_work_order","Z2","Attach document to WO e1000001-0001-4001-8001-000000000004",404,true,""
"attach_document_to_work_order","Z3","Attach document to WO Generator 2",404,true,""
"attach_document_to_work_order","W1","Attach document to WO  but cancel immediately",404,true,""
"attach_document_to_work_order","W2","Undo attach document to work order",404,true,""
"show_document_metadata","Y1","Show document metadata",404,true,""
"show_document_metadata","Y2","doc details",404,true,""
"show_document_metadata","Y3","file info",404,true,""
"show_document_metadata","Y4","document properties",404,true,""
"show_document_metadata","Y5","metadata view",404,true,""
"show_document_metadata","Z1","Show document metadata gen 2",404,true,""
"show_document_metadata","Z2","Show document metadata e1000001-0001-4001-8001-000000000004",404,true,""
"show_document_metadata","Z3","Show document metadata Generator 2",404,true,""
"show_document_metadata","W1","Show document metadata  but cancel immediately",404,true,""
"show_document_metadata","W2","Undo show document metadata",404,true,""
"download_document","Y1","Download document",404,true,""
"download_document","Y2","save file",404,true,""
"download_document","Y3","export doc",404,true,""
"download_document","Y4","get document",404,true,""
"download_document","Y5","download PDF",404,true,""
"download_document","Z1","Download document gen 2",404,true,""
"download_document","Z2","Download document e1000001-0001-4001-8001-000000000004",404,true,""
"download_document","Z3","Download document Generator 2",404,true,""
"download_document","W1","Download document  but cancel immediately",404,true,""
"download_document","W2","Undo download document",404,true,""
"share_document","Y1","Share document",404,true,""
"share_document","Y2","send doc",404,true,""
"share_document","Y3","email document",404,true,""
"share_document","Y4","share file",404,true,""
"share_document","Y5","distribute document",404,true,""
"share_document","Z1","Share document gen 2",404,true,""
"share_document","Z2","Share document e1000001-0001-4001-8001-000000000004",404,true,""
"share_document","Z3","Share document Generator 2",404,true,""
"share_document","W1","Share document  but cancel immediately",404,true,""
"share_document","W2","Undo share document",404,true,""
"archive_document","Y1","Archive document",404,true,""
"archive_document","Y2","file away",404,true,""
"archive_document","Y3","store document",404,true,""
"archive_document","Y4","archive file",404,true,""
"archive_document","Y5","move to archive",404,true,""
"archive_document","Z1","Archive document gen 2",404,true,""
"archive_document","Z2","Archive document e1000001-0001-4001-8001-000000000004",404,true,""
"archive_document","Z3","Archive document Generator 2",404,true,""
"archive_document","W1","Archive document  but cancel immediately",404,true,""
"archive_document","W2","Undo archive document",404,true,""
"approve_purchase_order","Y1","Approve purchase order PO-2024-001",404,true,""
"approve_purchase_order","Y2","authorize PO PO-2024-001",404,true,""
"approve_purchase_order","Y3","sign off PO PO-2024-001",404,true,""
"approve_purchase_order","Y4","confirm order PO-2024-001",404,true,""
"approve_purchase_order","Y5","approve purchase PO-2024-001",404,true,""
"approve_purchase_order","Z1","Approve purchase order gen 2",404,true,""
"approve_purchase_order","Z2","Approve purchase order e1000001-0001-4001-8001-000000000004",404,true,""
"approve_purchase_order","Z3","Approve purchase order Generator 2",404,true,""
"approve_purchase_order","W1","Approve purchase order PO-2024-001 but cancel immediately",404,true,""
"approve_purchase_order","W2","Undo approve purchase order",404,true,""
"track_delivery","Y1","Track delivery PO-2024-001",404,true,""
"track_delivery","Y2","delivery status PO-2024-001",404,true,""
"track_delivery","Y3","shipment tracking PO-2024-001",404,true,""
"track_delivery","Y4","order status PO-2024-001",404,true,""
"track_delivery","Y5","track order PO-2024-001",404,true,""
"track_delivery","Z1","Track delivery gen 2",404,true,""
"track_delivery","Z2","Track delivery e1000001-0001-4001-8001-000000000004",404,true,""
"track_delivery","Z3","Track delivery Generator 2",404,true,""
"track_delivery","W1","Track delivery PO-2024-001 but cancel immediately",404,true,""
"track_delivery","W2","Undo track delivery",404,true,""
"link_supplier","Y1","Link supplier Marine Parts Ltd",404,true,""
"link_supplier","Y2","add supplier Marine Parts Ltd",404,true,""
"link_supplier","Y3","connect vendor Marine Parts Ltd",404,true,""
"link_supplier","Y4","associate supplier Marine Parts Ltd",404,true,""
"link_supplier","Y5","supplier link Marine Parts Ltd",404,true,""
"link_supplier","Z1","Link supplier gen 2",404,true,""
"link_supplier","Z2","Link supplier e1000001-0001-4001-8001-000000000004",404,true,""
"link_supplier","Z3","Link supplier Generator 2",404,true,""
"link_supplier","W1","Link supplier Marine Parts Ltd but cancel immediately",404,true,""
"link_supplier","W2","Undo link supplier",404,true,""
"upload_invoice","Y1","Upload invoice",404,true,""
"upload_invoice","Y2","add invoice",404,true,""
"upload_invoice","Y3","attach bill",404,true,""
"upload_invoice","Y4","invoice upload",404,true,""
"upload_invoice","Y5","submit invoice",404,true,""
"upload_invoice","Z1","Upload invoice gen 2",404,true,""
"upload_invoice","Z2","Upload invoice e1000001-0001-4001-8001-000000000004",404,true,""
"upload_invoice","Z3","Upload invoice Generator 2",404,true,""
"upload_invoice","W1","Upload invoice  but cancel immediately",404,true,""
"upload_invoice","W2","Undo upload invoice",404,true,""
"compare_supplier_prices","Y1","Compare supplier prices",404,true,""
"compare_supplier_prices","Y2","price comparison",404,true,""
"compare_supplier_prices","Y3","supplier quotes",404,true,""
"compare_supplier_prices","Y4","compare costs",404,true,""
"compare_supplier_prices","Y5","pricing analysis",404,true,""
"compare_supplier_prices","Z1","Compare supplier prices gen 2",404,true,""
"compare_supplier_prices","Z2","Compare supplier prices e1000001-0001-4001-8001-000000000004",404,true,""
"compare_supplier_prices","Z3","Compare supplier prices Generator 2",404,true,""
"compare_supplier_prices","W1","Compare supplier prices  but cancel immediately",404,true,""
"compare_supplier_prices","W2","Undo compare supplier prices",404,true,""
"create_purchase_order","Y1","Create purchase order",404,true,""
"create_purchase_order","Y2","new PO",404,true,""
"create_purchase_order","Y3","make order",404,true,""
"create_purchase_order","Y4","generate PO",404,true,""
"create_purchase_order","Y5","create order",404,true,""
"create_purchase_order","Z1","Create purchase order gen 2",404,true,""
"create_purchase_order","Z2","Create purchase order e1000001-0001-4001-8001-000000000004",404,true,""
"create_purchase_order","Z3","Create purchase order Generator 2",404,true,""
"create_purchase_order","W1","Create purchase order  but cancel immediately",404,true,""
"create_purchase_order","W2","Undo create purchase order",404,true,""
"create_task","Y1","Create task inspect bilge",404,true,""
"create_task","Y2","new task inspect bilge",404,true,""
"create_task","Y3","add task inspect bilge",404,true,""
"create_task","Y4","make task inspect bilge",404,true,""
"create_task","Y5","task creation inspect bilge",404,true,""
"create_task","Z1","Create task gen 2",404,true,""
"create_task","Z2","Create task e1000001-0001-4001-8001-000000000004",404,true,""
"create_task","Z3","Create task Generator 2",404,true,""
"create_task","W1","Create task inspect bilge but cancel immediately",404,true,""
"create_task","W2","Undo create task",404,true,""
"show_tasks_due","Y1","Show tasks due",404,true,""
"show_tasks_due","Y2","pending tasks",404,true,""
"show_tasks_due","Y3","due tasks",404,true,""
"show_tasks_due","Y4","task list",404,true,""
"show_tasks_due","Y5","upcoming tasks",404,true,""
"show_tasks_due","Z1","Show tasks due gen 2",404,true,""
"show_tasks_due","Z2","Show tasks due e1000001-0001-4001-8001-000000000004",404,true,""
"show_tasks_due","Z3","Show tasks due Generator 2",404,true,""
"show_tasks_due","W1","Show tasks due  but cancel immediately",404,true,""
"show_tasks_due","W2","Undo show tasks due",404,true,""
"mark_work_order_complete","Y1","Mark complete WO-2024-001",404,true,""
"mark_work_order_complete","Y2","finish task WO-2024-001",404,true,""
"mark_work_order_complete","Y3","complete job WO-2024-001",404,true,""
"mark_work_order_complete","Y4","done WO-2024-001",404,true,""
"mark_work_order_complete","Y5","task complete WO-2024-001",404,true,""
"mark_work_order_complete","Z1","Mark complete gen 2",404,true,""
"mark_work_order_complete","Z2","Mark complete e1000001-0001-4001-8001-000000000004",404,true,""
"mark_work_order_complete","Z3","Mark complete Generator 2",404,true,""
"mark_work_order_complete","W1","Mark complete WO-2024-001 but cancel immediately",404,true,""
"mark_work_order_complete","W2","Undo mark work order complete",404,true,""
"show_checklist","Y1","Show checklist",404,true,""
"show_checklist","Y2","view checklist",404,true,""
"show_checklist","Y3","checklist items",404,true,""
"show_checklist","Y4","task checklist",404,true,""
"show_checklist","Y5","inspection list",404,true,""
"show_checklist","Z1","Show checklist gen 2",404,true,""
"show_checklist","Z2","Show checklist e1000001-0001-4001-8001-000000000004",404,true,""
"show_checklist","Z3","Show checklist Generator 2",404,true,""
"show_checklist","W1","Show checklist  but cancel immediately",404,true,""
"show_checklist","W2","Undo show checklist",404,true,""
"add_checklist_item","Y1","Add checklist item",404,true,""
"add_checklist_item","Y2","new checklist item",404,true,""
"add_checklist_item","Y3","add to checklist",404,true,""
"add_checklist_item","Y4","checklist entry",404,true,""
"add_checklist_item","Y5","include item",404,true,""
"add_checklist_item","Z1","Add checklist item gen 2",404,true,""
"add_checklist_item","Z2","Add checklist item e1000001-0001-4001-8001-000000000004",404,true,""
"add_checklist_item","Z3","Add checklist item Generator 2",404,true,""
"add_checklist_item","W1","Add checklist item  but cancel immediately",404,true,""
"add_checklist_item","W2","Undo add checklist item",404,true,""
"assign_task","Y1","Assign task to engineer",404,true,""
"assign_task","Y2","delegate task to engineer",404,true,""
"assign_task","Y3","give task to engineer",404,true,""
"assign_task","Y4","allocate task to engineer",404,true,""
"assign_task","Y5","task assignment to engineer",404,true,""
"assign_task","Z1","Assign task gen 2",404,true,""
"assign_task","Z2","Assign task e1000001-0001-4001-8001-000000000004",404,true,""
"assign_task","Z3","Assign task Generator 2",404,true,""
"assign_task","W1","Assign task to engineer but cancel immediately",404,true,""
"assign_task","W2","Undo assign task",404,true,""
"export_summary","Y1","Export summary",404,true,""
"export_summary","Y2","summary report",404,true,""
"export_summary","Y3","export report",404,true,""
"export_summary","Y4","download summary",404,true,""
"export_summary","Y5","summary PDF",404,true,""
"export_summary","Z1","Export summary gen 2",404,true,""
"export_summary","Z2","Export summary e1000001-0001-4001-8001-000000000004",404,true,""
"export_summary","Z3","Export summary Generator 2",404,true,""
"export_summary","W1","Export summary  but cancel immediately",404,true,""
"export_summary","W2","Undo export summary",404,true,""
"generate_summary","Y1","Generate summary",404,true,""
"generate_summary","Y2","create summary",404,true,""
"generate_summary","Y3","make report",404,true,""
"generate_summary","Y4","summarize",404,true,""
"generate_summary","Y5","summary generation",404,true,""
"generate_summary","Z1","Generate summary gen 2",404,true,""
"generate_summary","Z2","Generate summary e1000001-0001-4001-8001-000000000004",404,true,""
"generate_summary","Z3","Generate summary Generator 2",404,true,""
"generate_summary","W1","Generate summary  but cancel immediately",404,true,""
"generate_summary","W2","Undo generate summary",404,true,""
"show_analytics","Y1","Show analytics",404,true,""
"show_analytics","Y2","view analytics",404,true,""
"show_analytics","Y3","dashboard",404,true,""
"show_analytics","Y4","metrics",404,true,""
"show_analytics","Y5","performance data",404,true,""
"show_analytics","Z1","Show analytics gen 2",404,true,""
"show_analytics","Z2","Show analytics e1000001-0001-4001-8001-000000000004",404,true,""
"show_analytics","Z3","Show analytics Generator 2",404,true,""
"show_analytics","W1","Show analytics  but cancel immediately",404,true,""
"show_analytics","W2","Undo show analytics",404,true,""
"export_work_order_history","Y1","Export work order history",404,true,""
"export_work_order_history","Y2","WO history export",404,true,""
"export_work_order_history","Y3","job history",404,true,""
"export_work_order_history","Y4","work log export",404,true,""
"export_work_order_history","Y5","history report",404,true,""
"export_work_order_history","Z1","Export work order history gen 2",404,true,""
"export_work_order_history","Z2","Export work order history e1000001-0001-4001-8001-000000000004",404,true,""
"export_work_order_history","Z3","Export work order history Generator 2",404,true,""
"export_work_order_history","W1","Export work order history  but cancel immediately",404,true,""
"export_work_order_history","W2","Undo export work order history",404,true,""
"show_equipment_utilization","Y1","Show equipment utilization",404,true,""
"show_equipment_utilization","Y2","usage stats",404,true,""
"show_equipment_utilization","Y3","utilization report",404,true,""
"show_equipment_utilization","Y4","equipment usage",404,true,""
"show_equipment_utilization","Y5","run time",404,true,""
"show_equipment_utilization","Z1","Show equipment utilization gen 2",404,true,""
"show_equipment_utilization","Z2","Show equipment utilization e1000001-0001-4001-8001-000000000004",404,true,""
"show_equipment_utilization","Z3","Show equipment utilization Generator 2",404,true,""
"show_equipment_utilization","W1","Show equipment utilization  but cancel immediately",404,true,""
"show_equipment_utilization","W2","Undo show equipment utilization",404,true,""
"show_fault_trends","Y1","Show fault trends",404,true,""
"show_fault_trends","Y2","fault analysis",404,true,""
"show_fault_trends","Y3","defect trends",404,true,""
"show_fault_trends","Y4","failure patterns",404,true,""
"show_fault_trends","Y5","fault statistics",404,true,""
"show_fault_trends","Z1","Show fault trends gen 2",404,true,""
"show_fault_trends","Z2","Show fault trends e1000001-0001-4001-8001-000000000004",404,true,""
"show_fault_trends","Z3","Show fault trends Generator 2",404,true,""
"show_fault_trends","W1","Show fault trends  but cancel immediately",404,true,""
"show_fault_trends","W2","Undo show fault trends",404,true,""
"compare_fleet_equipment","Y1","Compare fleet equipment",404,true,""
"compare_fleet_equipment","Y2","fleet comparison",404,true,""
"compare_fleet_equipment","Y3","cross-vessel",404,true,""
"compare_fleet_equipment","Y4","fleet analytics",404,true,""
"compare_fleet_equipment","Y5","compare vessels",404,true,""
"compare_fleet_equipment","Z1","Compare fleet equipment gen 2",404,true,""
"compare_fleet_equipment","Z2","Compare fleet equipment e1000001-0001-4001-8001-000000000004",404,true,""
"compare_fleet_equipment","Z3","Compare fleet equipment Generator 2",404,true,""
"compare_fleet_equipment","W1","Compare fleet equipment  but cancel immediately",404,true,""
"compare_fleet_equipment","W2","Undo compare fleet equipment",404,true,""
"show_fleet_alerts","Y1","Show fleet alerts",404,true,""
"show_fleet_alerts","Y2","fleet notifications",404,true,""
"show_fleet_alerts","Y3","vessel alerts",404,true,""
"show_fleet_alerts","Y4","fleet warnings",404,true,""
"show_fleet_alerts","Y5","fleet status",404,true,""
"show_fleet_alerts","Z1","Show fleet alerts gen 2",404,true,""
"show_fleet_alerts","Z2","Show fleet alerts e1000001-0001-4001-8001-000000000004",404,true,""
"show_fleet_alerts","Z3","Show fleet alerts Generator 2",404,true,""
"show_fleet_alerts","W1","Show fleet alerts  but cancel immediately",404,true,""
"show_fleet_alerts","W2","Undo show fleet alerts",404,true,""
"log_contractor_work","Y1","Log contractor work",404,true,""
"log_contractor_work","Y2","contractor entry",404,true,""
"log_contractor_work","Y3","external work",404,true,""
"log_contractor_work","Y4","vendor work",404,true,""
"log_contractor_work","Y5","third party log",404,true,""
"log_contractor_work","Z1","Log contractor work gen 2",404,true,""
"log_contractor_work","Z2","Log contractor work e1000001-0001-4001-8001-000000000004",404,true,""
"log_contractor_work","Z3","Log contractor work Generator 2",404,true,""
"log_contractor_work","W1","Log contractor work  but cancel immediately",404,true,""
"log_contractor_work","W2","Undo log contractor work",404,true,""
"schedule_shipyard_task","Y1","Schedule shipyard task",404,true,""
"schedule_shipyard_task","Y2","yard booking",404,true,""
"schedule_shipyard_task","Y3","shipyard work",404,true,""
"schedule_shipyard_task","Y4","dry dock task",404,true,""
"schedule_shipyard_task","Y5","yard schedule",404,true,""
"schedule_shipyard_task","Z1","Schedule shipyard task gen 2",404,true,""
"schedule_shipyard_task","Z2","Schedule shipyard task e1000001-0001-4001-8001-000000000004",404,true,""
"schedule_shipyard_task","Z3","Schedule shipyard task Generator 2",404,true,""
"schedule_shipyard_task","W1","Schedule shipyard task  but cancel immediately",404,true,""
"schedule_shipyard_task","W2","Undo schedule shipyard task",404,true,""
"share_with_shipyard","Y1","Share with shipyard",404,true,""
"share_with_shipyard","Y2","send to yard",404,true,""
"share_with_shipyard","Y3","yard communication",404,true,""
"share_with_shipyard","Y4","shipyard docs",404,true,""
"share_with_shipyard","Y5","yard sharing",404,true,""
"share_with_shipyard","Z1","Share with shipyard gen 2",404,true,""
"share_with_shipyard","Z2","Share with shipyard e1000001-0001-4001-8001-000000000004",404,true,""
"share_with_shipyard","Z3","Share with shipyard Generator 2",404,true,""
"share_with_shipyard","W1","Share with shipyard  but cancel immediately",404,true,""
"share_with_shipyard","W2","Undo share with shipyard",404,true,""
"set_reminder","Y1","Set reminder for tomorrow",404,true,""
"set_reminder","Y2","create reminder for tomorrow",404,true,""
"set_reminder","Y3","remind me for tomorrow",404,true,""
"set_reminder","Y4","notification for tomorrow",404,true,""
"set_reminder","Y5","alert me for tomorrow",404,true,""
"set_reminder","Z1","Set reminder gen 2",404,true,""
"set_reminder","Z2","Set reminder e1000001-0001-4001-8001-000000000004",404,true,""
"set_reminder","Z3","Set reminder Generator 2",404,true,""
"set_reminder","W1","Set reminder for tomorrow but cancel immediately",404,true,""
"set_reminder","W2","Undo set reminder",404,true,""
"add_note","Y1","Add note",404,true,""
"add_note","Y2","create note",404,true,""
"add_note","Y3","make note",404,true,""
"add_note","Y4","record note",404,true,""
"add_note","Y5","note entry",404,true,""
"add_note","Z1","Add note gen 2",404,true,""
"add_note","Z2","Add note e1000001-0001-4001-8001-000000000004",404,true,""
"add_note","Z3","Add note Generator 2",404,true,""
"add_note","W1","Add note  but cancel immediately",404,true,""
"add_note","W2","Undo add note",404,true,""
"open_equipment_card","Y1","Open equipment card Generator 2",404,true,""
"open_equipment_card","Y2","equipment details Generator 2",404,true,""
"open_equipment_card","Y3","show equipment Generator 2",404,true,""
"open_equipment_card","Y4","equipment view Generator 2",404,true,""
"open_equipment_card","Y5","card view Generator 2",404,true,""
"open_equipment_card","Z1","Open equipment card gen 2",404,true,""
"open_equipment_card","Z2","Open equipment card e1000001-0001-4001-8001-000000000004",404,true,""
"open_equipment_card","Z3","Open equipment card Generator 2",404,true,""
"open_equipment_card","W1","Open equipment card Generator 2 but cancel immediately",404,true,""
"open_equipment_card","W2","Undo open equipment card",404,true,""
"link_document_to_equipment","Y1","Link document to equipment",404,true,""
"link_document_to_equipment","Y2","attach manual",404,true,""
"link_document_to_equipment","Y3","connect doc",404,true,""
"link_document_to_equipment","Y4","associate document",404,true,""
"link_document_to_equipment","Y5","doc link",404,true,""
"link_document_to_equipment","Z1","Link document to equipment gen 2",404,true,""
"link_document_to_equipment","Z2","Link document to equipment e1000001-0001-4001-8001-000000000004",404,true,""
"link_document_to_equipment","Z3","Link document to equipment Generator 2",404,true,""
"link_document_to_equipment","W1","Link document to equipment  but cancel immediately",404,true,""
"link_document_to_equipment","W2","Undo link document to equipment",404,true,""
"update_certificate_metadata","Y1","Update certificate metadata",404,true,""
"update_certificate_metadata","Y2","edit cert info",404,true,""
"update_certificate_metadata","Y3","modify cert",404,true,""
"update_certificate_metadata","Y4","cert details",404,true,""
"update_certificate_metadata","Y5","update cert",404,true,""
"update_certificate_metadata","Z1","Update certificate metadata gen 2",404,true,""
"update_certificate_metadata","Z2","Update certificate metadata e1000001-0001-4001-8001-000000000004",404,true,""
"update_certificate_metadata","Z3","Update certificate metadata Generator 2",404,true,""
"update_certificate_metadata","W1","Update certificate metadata  but cancel immediately",404,true,""
"update_certificate_metadata","W2","Undo update certificate metadata",404,true,""
"detect_anomaly","Y1","Detect anomaly in sensor data",404,true,""
"detect_anomaly","Y2","find anomaly in sensor data",404,true,""
"detect_anomaly","Y3","anomaly detection in sensor data",404,true,""
"detect_anomaly","Y4","spot irregularity in sensor data",404,true,""
"detect_anomaly","Y5","identify anomaly in sensor data",404,true,""
"detect_anomaly","Z1","Detect anomaly gen 2",404,true,""
"detect_anomaly","Z2","Detect anomaly e1000001-0001-4001-8001-000000000004",404,true,""
"detect_anomaly","Z3","Detect anomaly Generator 2",404,true,""
"detect_anomaly","W1","Detect anomaly in sensor data but cancel immediately",404,true,""
"detect_anomaly","W2","Undo detect anomaly",404,true,""